{
    "damping_slope": -0.3676327471465198,
    "friction_const": 8.85843407371076
}