{
    "damping_slope": -0.2415225749937392,
    "friction_const": 9.420056727996586
}
